ID,resname,resid,x_1,y_1,z_1,x_2,y_2,z_2,x_3,y_3,z_3,x_4,y_4,z_4,x_5,y_5,z_5
1,X,1,0.0,0.0,0.0,0.0,0.0,0.0,0.0,0.0,0.0,0.0,0.0,0.0,0.0,0.0,0.0
2,X,2,2.4794004,-0.24773817,0.0,2.4794004,-0.24773817,0.0,2.4794004,-0.24773817,0.0,2.4794004,-0.24773817,0.0,2.4794004,-0.24773817,0.0
3,X,3,-0.34833932,-0.6572528,0.0,-0.34833932,-0.6572528,0.0,-0.34833932,-0.6572528,0.0,-0.34833932,-0.6572528,0.0,-0.34833932,-0.6572528,0.0
4,X,4,1.0,0.0,0.0,1.0,0.0,0.0,1.0,0.0,0.0,1.0,0.0,0.0,1.0,0.0,0.0
5,X,5,1.5,1.0,0.0,1.5,1.0,0.0,1.5,1.0,0.0,1.5,1.0,0.0,1.5,1.0,0.0
6,X,6,0.0,0.0,0.0,0.0,0.0,0.0,0.0,0.0,0.0,0.0,0.0,0.0,0.0,0.0,0.0
7,X,7,0.0,0.0,0.0,0.0,0.0,0.0,0.0,0.0,0.0,0.0,0.0,0.0,0.0,0.0,0.0
8,X,8,0.0,0.0,0.0,0.0,0.0,0.0,0.0,0.0,0.0,0.0,0.0,0.0,0.0,0.0,0.0
9,X,9,0.0,0.0,0.0,0.0,0.0,0.0,0.0,0.0,0.0,0.0,0.0,0.0,0.0,0.0,0.0
10,X,10,0.0,0.0,0.0,0.0,0.0,0.0,0.0,0.0,0.0,0.0,0.0,0.0,0.0,0.0,0.0
11,X,11,0.0,0.0,0.0,0.0,0.0,0.0,0.0,0.0,0.0,0.0,0.0,0.0,0.0,0.0,0.0
12,X,12,0.0,0.0,0.0,0.0,0.0,0.0,0.0,0.0,0.0,0.0,0.0,0.0,0.0,0.0,0.0
13,X,13,0.0,0.0,0.0,0.0,0.0,0.0,0.0,0.0,0.0,0.0,0.0,0.0,0.0,0.0,0.0
14,X,14,0.0,0.0,0.0,0.0,0.0,0.0,0.0,0.0,0.0,0.0,0.0,0.0,0.0,0.0,0.0
15,X,15,0.0,0.0,0.0,0.0,0.0,0.0,0.0,0.0,0.0,0.0,0.0,0.0,0.0,0.0,0.0
16,X,16,0.0,0.0,0.0,0.0,0.0,0.0,0.0,0.0,0.0,0.0,0.0,0.0,0.0,0.0,0.0
17,X,17,0.0,0.0,0.0,0.0,0.0,0.0,0.0,0.0,0.0,0.0,0.0,0.0,0.0,0.0,0.0
18,X,18,0.0,0.0,0.0,0.0,0.0,0.0,0.0,0.0,0.0,0.0,0.0,0.0,0.0,0.0,0.0
19,X,19,0.0,0.0,0.0,0.0,0.0,0.0,0.0,0.0,0.0,0.0,0.0,0.0,0.0,0.0,0.0
20,X,20,0.0,0.0,0.0,0.0,0.0,0.0,0.0,0.0,0.0,0.0,0.0,0.0,0.0,0.0,0.0
21,X,21,0.0,0.0,0.0,0.0,0.0,0.0,0.0,0.0,0.0,0.0,0.0,0.0,0.0,0.0,0.0
22,X,22,0.0,0.0,0.0,0.0,0.0,0.0,0.0,0.0,0.0,0.0,0.0,0.0,0.0,0.0,0.0
23,X,23,1.0,0.0,0.0,1.0,0.0,0.0,1.0,0.0,0.0,1.0,0.0,0.0,1.0,0.0,0.0
24,X,24,-0.37847608,2.7397969,0.0,-0.37847608,2.7397969,0.0,-0.37847608,2.7397969,0.0,-0.37847608,2.7397969,0.0,-0.37847608,2.7397969,0.0
25,X,25,-0.37847608,2.7397969,0.0,-0.37847608,2.7397969,0.0,-0.37847608,2.7397969,0.0,-0.37847608,2.7397969,0.0,-0.37847608,2.7397969,0.0
26,X,26,0.46824563,1.5016279,0.0,0.46824563,1.5016279,0.0,0.46824563,1.5016279,0.0,0.46824563,1.5016279,0.0,0.46824563,1.5016279,0.0
27,X,27,-0.44964486,0.39208877,0.0,-0.44964486,0.39208877,0.0,-0.44964486,0.39208877,0.0,-0.44964486,0.39208877,0.0,-0.44964486,0.39208877,0.0
28,X,28,0.9697167,-0.1231907,0.0,0.9697167,-0.1231907,0.0,0.9697167,-0.1231907,0.0,0.9697167,-0.1231907,0.0,0.9697167,-0.1231907,0.0
29,X,29,0.99941635,1.3295057,0.0,0.99941635,1.3295057,0.0,0.99941635,1.3295057,0.0,0.99941635,1.3295057,0.0,0.99941635,1.3295057,0.0
30,X,30,-0.4259343,0.86219853,0.0,-0.4259343,0.86219853,0.0,-0.4259343,0.86219853,0.0,-0.4259343,0.86219853,0.0,-0.4259343,0.86219853,0.0
31,X,31,0.43334424,-0.27207202,0.0,0.43334424,-0.27207202,0.0,0.43334424,-0.27207202,0.0,0.43334424,-0.27207202,0.0,0.43334424,-0.27207202,0.0
32,X,32,1.253245,0.98401827,0.0,1.253245,0.98401827,0.0,1.253245,0.98401827,0.0,1.253245,0.98401827,0.0,1.253245,0.98401827,0.0
33,X,33,-0.12085235,1.3132986,0.0,-0.12085235,1.3132986,0.0,-0.12085235,1.3132986,0.0,-0.12085235,1.3132986,0.0,-0.12085235,1.3132986,0.0
34,X,34,0.032684922,-0.17882288,0.0,0.032684922,-0.17882288,0.0,0.032684922,-0.17882288,0.0,0.032684922,-0.17882288,0.0,0.032684922,-0.17882288,0.0
35,X,35,1.0240344,-1.3045343,0.0,1.0240344,-1.3045343,0.0,1.0240344,-1.3045343,0.0,1.0240344,-1.3045343,0.0,1.0240344,-1.3045343,0.0
36,X,36,2.3844688,-1.6220671,0.0,2.3844688,-1.6220671,0.0,2.3844688,-1.6220671,0.0,2.3844688,-1.6220671,0.0,2.3844688,-1.6220671,0.0
37,X,37,3.7717304,-1.0515363,0.0,3.7717304,-1.0515363,0.0,3.7717304,-1.0515363,0.0,3.7717304,-1.0515363,0.0,3.7717304,-1.0515363,0.0
38,X,38,4.4917297,0.09398091,0.0,4.4917297,0.09398091,0.0,4.4917297,0.09398091,0.0,4.4917297,0.09398091,0.0,4.4917297,0.09398091,0.0
39,X,39,4.413889,1.4267097,0.0,4.413889,1.4267097,0.0,4.413889,1.4267097,0.0,4.413889,1.4267097,0.0,4.413889,1.4267097,0.0
40,X,40,3.4732444,2.595122,0.0,3.4732444,2.595122,0.0,3.4732444,2.595122,0.0,3.4732444,2.595122,0.0,3.4732444,2.595122,0.0
41,X,41,2.1012087,2.980015,0.0,2.1012087,2.980015,0.0,2.1012087,2.980015,0.0,2.1012087,2.980015,0.0,2.1012087,2.980015,0.0
42,X,42,0.8415538,2.5259326,0.0,0.8415538,2.5259326,0.0,0.8415538,2.5259326,0.0,0.8415538,2.5259326,0.0,0.8415538,2.5259326,0.0
43,X,43,0.87914765,1.3132986,0.0,0.87914765,1.3132986,0.0,0.87914765,1.3132986,0.0,0.87914765,1.3132986,0.0,0.87914765,1.3132986,0.0
44,X,44,-2.1840706,1.4661855,0.0,-2.1840706,1.4661855,0.0,-2.1840706,1.4661855,0.0,-2.1840706,1.4661855,0.0,-2.1840706,1.4661855,0.0
45,X,45,-2.1840706,1.4661855,0.0,-2.1840706,1.4661855,0.0,-2.1840706,1.4661855,0.0,-2.1840706,1.4661855,0.0,-2.1840706,1.4661855,0.0
46,X,46,-0.68933284,1.5917195,0.0,-0.68933284,1.5917195,0.0,-0.68933284,1.5917195,0.0,-0.68933284,1.5917195,0.0,-0.68933284,1.5917195,0.0
47,X,47,-0.1771735,0.24587667,0.0,-0.1771735,0.24587667,0.0,-0.1771735,0.24587667,0.0,-0.1771735,0.24587667,0.0,-0.1771735,0.24587667,0.0
48,X,48,0.97140205,1.2261187,0.0,0.97140205,1.2261187,0.0,0.97140205,1.2261187,0.0,0.97140205,1.2261187,0.0,0.97140205,1.2261187,0.0
49,X,49,-0.27747905,1.9687525,0.0,-0.27747905,1.9687525,0.0,-0.27747905,1.9687525,0.0,-0.27747905,1.9687525,0.0,-0.27747905,1.9687525,0.0
50,X,50,-0.5742935,0.49841213,0.0,-0.5742935,0.49841213,0.0,-0.5742935,0.49841213,0.0,-0.5742935,0.49841213,0.0,-0.5742935,0.49841213,0.0
51,X,51,0.83626926,0.6861398,0.0,0.83626926,0.6861398,0.0,0.83626926,0.6861398,0.0,0.83626926,0.6861398,0.0,0.83626926,0.6861398,0.0
52,X,52,0.14832139,2.0190792,0.0,0.14832139,2.0190792,0.0,0.14832139,2.0190792,0.0,0.14832139,2.0190792,0.0,0.14832139,2.0190792,0.0
53,X,53,-0.8161572,0.98643684,0.0,-0.8161572,0.98643684,0.0,-0.8161572,0.98643684,0.0,-0.8161572,0.98643684,0.0,-0.8161572,0.98643684,0.0
54,X,54,0.55746436,0.38380593,0.0,0.55746436,0.38380593,0.0,0.55746436,0.38380593,0.0,0.55746436,0.38380593,0.0,0.55746436,0.38380593,0.0
55,X,55,2.0257351,0.6906953,0.0,2.0257351,0.6906953,0.0,2.0257351,0.6906953,0.0,2.0257351,0.6906953,0.0,2.0257351,0.6906953,0.0
56,X,56,3.0429897,1.793053,0.0,3.0429897,1.793053,0.0,3.0429897,1.793053,0.0,3.0429897,1.793053,0.0,3.0429897,1.793053,0.0
57,X,57,3.2311778,3.2812014,0.0,3.2311778,3.2812014,0.0,3.2311778,3.2812014,0.0,3.2311778,3.2812014,0.0,3.2311778,3.2812014,0.0
58,X,58,2.5203614,4.6020875,0.0,2.5203614,4.6020875,0.0,2.5203614,4.6020875,0.0,2.5203614,4.6020875,0.0,2.5203614,4.6020875,0.0
59,X,59,1.2473723,5.2290325,0.0,1.2473723,5.2290325,0.0,1.2473723,5.2290325,0.0,1.2473723,5.2290325,0.0,1.2473723,5.2290325,0.0
60,X,60,0.026539087,5.029696,0.0,0.026539087,5.029696,0.0,0.026539087,5.029696,0.0,0.026539087,5.029696,0.0,0.026539087,5.029696,0.0
61,X,61,-1.0384272,3.9733596,0.0,-1.0384272,3.9733596,0.0,-1.0384272,3.9733596,0.0,-1.0384272,3.9733596,0.0,-1.0384272,3.9733596,0.0
62,X,62,-1.2706972,2.6201487,0.0,-1.2706972,2.6201487,0.0,-1.2706972,2.6201487,0.0,-1.2706972,2.6201487,0.0,-1.2706972,2.6201487,0.0
63,X,63,-0.61893517,1.2691467,0.0,-0.61893517,1.2691467,0.0,-0.61893517,1.2691467,0.0,-0.61893517,1.2691467,0.0,-0.61893517,1.2691467,0.0
64,X,64,0.6961238,0.547607,0.0,0.6961238,0.547607,0.0,0.6961238,0.547607,0.0,0.6961238,0.547607,0.0,0.6961238,0.547607,0.0
65,X,65,2.1857538,0.7236811,0.0,2.1857538,0.7236811,0.0,2.1857538,0.7236811,0.0,2.1857538,0.7236811,0.0,2.1857538,0.7236811,0.0
66,X,66,0.18384278,0.98643684,0.0,0.18384278,0.98643684,0.0,0.18384278,0.98643684,0.0,0.18384278,0.98643684,0.0,0.18384278,0.98643684,0.0
67,X,67,-1.418396,-1.6288133,0.0,-1.418396,-1.6288133,0.0,-1.418396,-1.6288133,0.0,-1.418396,-1.6288133,0.0,-1.418396,-1.6288133,0.0
68,X,68,-1.418396,-1.6288133,0.0,-1.418396,-1.6288133,0.0,-1.418396,-1.6288133,0.0,-1.418396,-1.6288133,0.0,-1.418396,-1.6288133,0.0
69,X,69,-0.81220657,-0.25675845,0.0,-0.81220657,-0.25675845,0.0,-0.81220657,-0.25675845,0.0,-0.81220657,-0.25675845,0.0,-0.81220657,-0.25675845,0.0
70,X,70,0.61446446,-0.45223227,0.0,0.61446446,-0.45223227,0.0,0.61446446,-0.45223227,0.0,0.61446446,-0.45223227,0.0,0.61446446,-0.45223227,0.0
71,X,71,0.30447438,1.0256063,0.0,0.30447438,1.0256063,0.0,0.30447438,1.0256063,0.0,0.30447438,1.0256063,0.0,0.30447438,1.0256063,0.0
72,X,72,-0.94581985,0.2853542,0.0,-0.94581985,0.2853542,0.0,-0.94581985,0.2853542,0.0,-0.94581985,0.2853542,0.0,-0.94581985,0.2853542,0.0
73,X,73,0.20241904,-0.67981315,0.0,0.20241904,-0.67981315,0.0,0.20241904,-0.67981315,0.0,0.20241904,-0.67981315,0.0,0.20241904,-0.67981315,0.0
74,X,74,0.71368194,0.64817,0.0,0.71368194,0.64817,0.0,0.71368194,0.64817,0.0,0.71368194,0.64817,0.0,0.71368194,0.64817,0.0
75,X,75,-0.7859092,0.68319345,0.0,-0.7859092,0.68319345,0.0,-0.7859092,0.68319345,0.0,-0.7859092,0.68319345,0.0,-0.7859092,0.68319345,0.0
76,X,76,-0.34174466,-0.65818155,0.0,-0.34174466,-0.65818155,0.0,-0.34174466,-0.65818155,0.0,-0.34174466,-0.65818155,0.0,-0.34174466,-0.65818155,0.0
77,X,77,0.84554935,0.25851542,0.0,0.84554935,0.25851542,0.0,0.84554935,0.25851542,0.0,0.84554935,0.25851542,0.0,0.84554935,0.25851542,0.0
78,X,78,1.2799771,1.6942286,0.0,1.2799771,1.6942286,0.0,1.2799771,1.6942286,0.0,1.2799771,1.6942286,0.0,1.2799771,1.6942286,0.0
79,X,79,0.8381599,3.002647,0.0,0.8381599,3.002647,0.0,0.8381599,3.002647,0.0,0.8381599,3.002647,0.0,0.8381599,3.002647,0.0
80,X,80,-0.37769973,3.881103,0.0,-0.37769973,3.881103,0.0,-0.37769973,3.881103,0.0,-0.37769973,3.881103,0.0,-0.37769973,3.881103,0.0
81,X,81,-1.7506735,3.889598,0.0,-1.7506735,3.889598,0.0,-1.7506735,3.889598,0.0,-1.7506735,3.889598,0.0,-1.7506735,3.889598,0.0
82,X,82,-2.8791792,3.0953214,0.0,-2.8791792,3.0953214,0.0,-2.8791792,3.0953214,0.0,-2.8791792,3.0953214,0.0,-2.8791792,3.0953214,0.0
83,X,83,-3.3766162,1.6802044,0.0,-3.3766162,1.6802044,0.0,-3.3766162,1.6802044,0.0,-3.3766162,1.6802044,0.0,-3.3766162,1.6802044,0.0
84,X,84,-2.9791522,0.30551052,0.0,-2.9791522,0.30551052,0.0,-2.9791522,0.30551052,0.0,-2.9791522,0.30551052,0.0,-2.9791522,0.30551052,0.0
85,X,85,-1.9310691,-0.52460444,0.0,-1.9310691,-0.52460444,0.0,-1.9310691,-0.52460444,0.0,-1.9310691,-0.52460444,0.0,-1.9310691,-0.52460444,0.0
86,X,86,0.65825534,-0.65818155,0.0,0.65825534,-0.65818155,0.0,0.65825534,-0.65818155,0.0,0.65825534,-0.65818155,0.0,0.65825534,-0.65818155,0.0
87,X,87,3.618534,0.1439552,0.0,3.618534,0.1439552,0.0,3.618534,0.1439552,0.0,3.618534,0.1439552,0.0,3.618534,0.1439552,0.0
88,X,88,3.618534,0.1439552,0.0,3.618534,0.1439552,0.0,3.618534,0.1439552,0.0,3.618534,0.1439552,0.0,3.618534,0.1439552,0.0
89,X,89,2.2359352,-0.43778387,0.0,2.2359352,-0.43778387,0.0,2.2359352,-0.43778387,0.0,2.2359352,-0.43778387,0.0,2.2359352,-0.43778387,0.0
90,X,90,1.3325956,0.68363404,0.0,1.3325956,0.68363404,0.0,1.3325956,0.68363404,0.0,1.3325956,0.68363404,0.0,1.3325956,0.68363404,0.0
91,X,91,0.5435909,-0.6038331,0.0,0.5435909,-0.6038331,0.0,0.5435909,-0.6038331,0.0,0.5435909,-0.6038331,0.0,0.5435909,-0.6038331,0.0
92,X,92,1.9609194,-0.92381585,0.0,1.9609194,-0.92381585,0.0,1.9609194,-0.92381585,0.0,1.9609194,-0.92381585,0.0,1.9609194,-0.92381585,0.0
93,X,93,1.7884461,0.5662354,0.0,1.7884461,0.5662354,0.0,1.7884461,0.5662354,0.0,1.7884461,0.5662354,0.0,1.7884461,0.5662354,0.0
94,X,94,0.50509894,-0.048540473,0.0,0.50509894,-0.048540473,0.0,0.50509894,-0.048540473,0.0,0.50509894,-0.048540473,0.0,0.50509894,-0.048540473,0.0
95,X,95,1.5716058,-1.1033214,0.0,1.5716058,-1.1033214,0.0,1.5716058,-1.1033214,0.0,1.5716058,-1.1033214,0.0,1.5716058,-1.1033214,0.0
96,X,96,2.1693282,0.17702878,0.0,2.1693282,0.17702878,0.0,2.1693282,0.17702878,0.0,2.1693282,0.17702878,0.0,2.1693282,0.17702878,0.0
97,X,97,0.6766677,0.32523215,0.0,0.6766677,0.32523215,0.0,0.6766677,0.32523215,0.0,0.6766677,0.32523215,0.0,0.6766677,0.32523215,0.0
98,X,98,-0.6246768,-0.42075896,0.0,-0.6246768,-0.42075896,0.0,-0.6246768,-0.42075896,0.0,-0.6246768,-0.42075896,0.0,-0.6246768,-0.42075896,0.0
99,X,99,-1.251076,-1.7837057,0.0,-1.251076,-1.7837057,0.0,-1.251076,-1.7837057,0.0,-1.251076,-1.7837057,0.0,-1.251076,-1.7837057,0.0
100,X,100,-0.9697361,-3.2570856,0.0,-0.9697361,-3.2570856,0.0,-0.9697361,-3.2570856,0.0,-0.9697361,-3.2570856,0.0,-0.9697361,-3.2570856,0.0
101,X,101,0.11478615,-4.293334,0.0,0.11478615,-4.293334,0.0,0.11478615,-4.293334,0.0,0.11478615,-4.293334,0.0,0.11478615,-4.293334,0.0
102,X,102,1.5064029,-4.493931,0.0,1.5064029,-4.493931,0.0,1.5064029,-4.493931,0.0,1.5064029,-4.493931,0.0,1.5064029,-4.493931,0.0
103,X,103,2.6928024,-3.881819,0.0,2.6928024,-3.881819,0.0,2.6928024,-3.881819,0.0,2.6928024,-3.881819,0.0,2.6928024,-3.881819,0.0
104,X,104,3.378808,-2.5478787,0.0,3.378808,-2.5478787,0.0,3.378808,-2.5478787,0.0,3.378808,-2.5478787,0.0,3.378808,-2.5478787,0.0
105,X,105,3.1860206,-1.22283,0.0,3.1860206,-1.22283,0.0,3.1860206,-1.22283,0.0,3.1860206,-1.22283,0.0,3.1860206,-1.22283,0.0
106,X,106,2.1483412,-0.13967669,0.0,2.1483412,-0.13967669,0.0,2.1483412,-0.13967669,0.0,2.1483412,-0.13967669,0.0,2.1483412,-0.13967669,0.0
107,X,107,0.8278613,0.11066082,0.0,0.8278613,0.11066082,0.0,0.8278613,0.11066082,0.0,0.8278613,0.11066082,0.0,0.8278613,0.11066082,0.0
108,X,108,3.1693282,0.17702878,0.0,3.1693282,0.17702878,0.0,3.1693282,0.17702878,0.0,3.1693282,0.17702878,0.0,3.1693282,0.17702878,0.0
109,X,109,1.9557991,2.9937541,0.0,1.9557991,2.9937541,0.0,1.9557991,2.9937541,0.0,1.9557991,2.9937541,0.0,1.9557991,2.9937541,0.0
110,X,110,1.9557991,2.9937541,0.0,1.9557991,2.9937541,0.0,1.9557991,2.9937541,0.0,1.9557991,2.9937541,0.0,1.9557991,2.9937541,0.0
111,X,111,2.7276344,1.7075697,0.0,2.7276344,1.7075697,0.0,2.7276344,1.7075697,0.0,2.7276344,1.7075697,0.0,2.7276344,1.7075697,0.0
112,X,112,1.7455096,0.65446424,0.0,1.7455096,0.65446424,0.0,1.7455096,0.65446424,0.0,1.7455096,0.65446424,0.0,1.7455096,0.65446424,0.0
113,X,113,3.1318092,0.05590433,0.0,3.1318092,0.05590433,0.0,3.1318092,0.05590433,0.0,3.1318092,0.05590433,0.0,3.1318092,0.05590433,0.0
114,X,114,3.2478254,1.5042651,0.0,3.2478254,1.5042651,0.0,3.2478254,1.5042651,0.0,3.2478254,1.5042651,0.0,3.2478254,1.5042651,0.0
115,X,115,1.797238,1.1224324,0.0,1.797238,1.1224324,0.0,1.797238,1.1224324,0.0,1.797238,1.1224324,0.0,1.797238,1.1224324,0.0
116,X,116,2.5876584,-0.060853004,0.0,2.5876584,-0.060853004,0.0,2.5876584,-0.060853004,0.0,2.5876584,-0.060853004,0.0,2.5876584,-0.060853004,0.0
117,X,117,3.4806447,1.1443754,0.0,3.4806447,1.1443754,0.0,3.4806447,1.1443754,0.0,3.4806447,1.1443754,0.0,3.4806447,1.1443754,0.0
118,X,118,2.128499,1.5545843,0.0,2.128499,1.5545843,0.0,2.128499,1.5545843,0.0,2.128499,1.5545843,0.0,2.128499,1.5545843,0.0
119,X,119,2.1932597,0.05598283,0.0,2.1932597,0.05598283,0.0,2.1932597,0.05598283,0.0,2.1932597,0.05598283,0.0,2.1932597,0.05598283,0.0
120,X,120,3.1160913,-1.126549,0.0,3.1160913,-1.126549,0.0,3.1160913,-1.126549,0.0,3.1160913,-1.126549,0.0,3.1160913,-1.126549,0.0
121,X,121,4.4552956,-1.5242178,0.0,4.4552956,-1.5242178,0.0,4.4552956,-1.5242178,0.0,4.4552956,-1.5242178,0.0,4.4552956,-1.5242178,0.0
122,X,122,5.8739557,-1.0369781,0.0,5.8739557,-1.0369781,0.0,5.8739557,-1.0369781,0.0,5.8739557,-1.0369781,0.0,5.8739557,-1.0369781,0.0
123,X,123,6.6606345,0.063815,0.0,6.6606345,0.063815,0.0,6.6606345,0.063815,0.0,6.6606345,0.063815,0.0,6.6606345,0.063815,0.0
124,X,124,6.6619825,1.3988143,0.0,6.6619825,1.3988143,0.0,6.6619825,1.3988143,0.0,6.6619825,1.3988143,0.0,6.6619825,1.3988143,0.0
125,X,125,5.7922993,2.6209645,0.0,5.7922993,2.6209645,0.0,5.7922993,2.6209645,0.0,5.7922993,2.6209645,0.0,5.7922993,2.6209645,0.0
126,X,126,4.4455094,3.0865629,0.0,4.4455094,3.0865629,0.0,4.4455094,3.0865629,0.0,4.4455094,3.0865629,0.0,4.4455094,3.0865629,0.0
127,X,127,3.1611385,2.707997,0.0,3.1611385,2.707997,0.0,3.1611385,2.707997,0.0,3.1611385,2.707997,0.0,3.1611385,2.707997,0.0
128,X,128,3.128499,1.5545843,0.0,3.128499,1.5545843,0.0,3.128499,1.5545843,0.0,3.128499,1.5545843,0.0,3.128499,1.5545843,0.0
129,X,129,0.07437754,1.835693,0.0,0.07437754,1.835693,0.0,0.07437754,1.835693,0.0,0.07437754,1.835693,0.0,0.07437754,1.835693,0.0
130,X,130,0.07437754,1.835693,0.0,0.07437754,1.835693,0.0,0.07437754,1.835693,0.0,0.07437754,1.835693,0.0,0.07437754,1.835693,0.0
131,X,131,1.5730627,1.8984835,0.0,1.5730627,1.8984835,0.0,1.5730627,1.8984835,0.0,1.5730627,1.8984835,0.0,1.5730627,1.8984835,0.0
132,X,132,2.0283782,0.5323621,0.0,2.0283782,0.5323621,0.0,2.0283782,0.5323621,0.0,2.0283782,0.5323621,0.0,2.0283782,0.5323621,0.0
133,X,133,3.2170124,1.463624,0.0,3.2170124,1.463624,0.0,3.2170124,1.463624,0.0,3.2170124,1.463624,0.0,3.2170124,1.463624,0.0
134,X,134,2.0003603,2.2579575,0.0,2.0003603,2.2579575,0.0,2.0003603,2.2579575,0.0,2.0003603,2.2579575,0.0,2.0003603,2.2579575,0.0
135,X,135,1.6421742,0.80135095,0.0,1.6421742,0.80135095,0.0,1.6421742,0.80135095,0.0,1.6421742,0.80135095,0.0,1.6421742,0.80135095,0.0
136,X,136,3.059367,0.92978024,0.0,3.059367,0.92978024,0.0,3.059367,0.92978024,0.0,3.059367,0.92978024,0.0,3.059367,0.92978024,0.0
137,X,137,2.4278827,2.2903786,0.0,2.4278827,2.2903786,0.0,2.4278827,2.2903786,0.0,2.4278827,2.2903786,0.0,2.4278827,2.2903786,0.0
138,X,138,1.4209974,1.2990406,0.0,1.4209974,1.2990406,0.0,1.4209974,1.2990406,0.0,1.4209974,1.2990406,0.0,1.4209974,1.2990406,0.0
139,X,139,2.76815,0.63935894,0.0,2.76815,0.63935894,0.0,2.76815,0.63935894,0.0,2.76815,0.63935894,0.0,2.76815,0.63935894,0.0
140,X,140,4.2479944,0.8844306,0.0,4.2479944,0.8844306,0.0,4.2479944,0.8844306,0.0,4.2479944,0.8844306,0.0,4.2479944,0.8844306,0.0
141,X,141,5.310564,1.9431775,0.0,5.310564,1.9431775,0.0,5.310564,1.9431775,0.0,5.310564,1.9431775,0.0,5.310564,1.9431775,0.0
142,X,142,5.560968,3.4221292,0.0,5.560968,3.4221292,0.0,5.560968,3.4221292,0.0,5.560968,3.4221292,0.0,5.560968,3.4221292,0.0
143,X,143,4.906146,4.7716503,0.0,4.906146,4.7716503,0.0,4.906146,4.7716503,0.0,4.906146,4.7716503,0.0,4.906146,4.7716503,0.0
144,X,144,3.6605563,5.451406,0.0,3.6605563,5.451406,0.0,3.6605563,5.451406,0.0,3.6605563,5.451406,0.0,3.6605563,5.451406,0.0
145,X,145,2.4324403,5.30342,0.0,2.4324403,5.30342,0.0,2.4324403,5.30342,0.0,2.4324403,5.30342,0.0,2.4324403,5.30342,0.0
146,X,146,1.32413,4.292654,0.0,1.32413,4.292654,0.0,1.32413,4.292654,0.0,1.32413,4.292654,0.0,1.32413,4.292654,0.0
147,X,147,1.0353396,2.950369,0.0,1.0353396,2.950369,0.0,1.0353396,2.950369,0.0,1.0353396,2.950369,0.0,1.0353396,2.950369,0.0
148,X,148,1.6298968,1.5732336,0.0,1.6298968,1.5732336,0.0,1.6298968,1.5732336,0.0,1.6298968,1.5732336,0.0,1.6298968,1.5732336,0.0
149,X,149,2.9135542,0.7972027,0.0,2.9135542,0.7972027,0.0,2.9135542,0.7972027,0.0,2.9135542,0.7972027,0.0,2.9135542,0.7972027,0.0
150,X,150,4.409256,0.9106789,0.0,4.409256,0.9106789,0.0,4.409256,0.9106789,0.0,4.409256,0.9106789,0.0,4.409256,0.9106789,0.0
151,X,151,2.4209974,1.2990406,0.0,2.4209974,1.2990406,0.0,2.4209974,1.2990406,0.0,2.4209974,1.2990406,0.0,2.4209974,1.2990406,0.0
152,X,152,0.6383518,-1.1967323,0.0,0.6383518,-1.1967323,0.0,0.6383518,-1.1967323,0.0,0.6383518,-1.1967323,0.0,0.6383518,-1.1967323,0.0
153,X,153,0.6383518,-1.1967323,0.0,0.6383518,-1.1967323,0.0,0.6383518,-1.1967323,0.0,0.6383518,-1.1967323,0.0,0.6383518,-1.1967323,0.0
154,X,154,1.3397753,0.12916541,0.0,1.3397753,0.12916541,0.0,1.3397753,0.12916541,0.0,1.3397753,0.12916541,0.0,1.3397753,0.12916541,0.0
155,X,155,2.7491143,-0.16640934,0.0,2.7491143,-0.16640934,0.0,2.7491143,-0.16640934,0.0,2.7491143,-0.16640934,0.0,2.7491143,-0.16640934,0.0
156,X,156,2.5441437,1.3296143,0.0,2.5441437,1.3296143,0.0,2.5441437,1.3296143,0.0,2.5441437,1.3296143,0.0,2.5441437,1.3296143,0.0
157,X,157,1.2447633,0.67936844,0.0,1.2447633,0.67936844,0.0,1.2447633,0.67936844,0.0,1.2447633,0.67936844,0.0,1.2447633,0.67936844,0.0
158,X,158,2.3220985,-0.36435026,0.0,2.3220985,-0.36435026,0.0,2.3220985,-0.36435026,0.0,2.3220985,-0.36435026,0.0,2.3220985,-0.36435026,0.0
159,X,159,2.9257247,0.92427856,0.0,2.9257247,0.92427856,0.0,2.9257247,0.92427856,0.0,2.9257247,0.92427856,0.0,2.9257247,0.92427856,0.0
160,X,160,1.4323344,1.0649399,0.0,1.4323344,1.0649399,0.0,1.4323344,1.0649399,0.0,1.4323344,1.0649399,0.0,1.4323344,1.0649399,0.0
161,X,161,1.7807945,-0.30441928,0.0,1.7807945,-0.30441928,0.0,1.7807945,-0.30441928,0.0,1.7807945,-0.30441928,0.0,1.7807945,-0.30441928,0.0
162,X,162,3.0297604,0.5262939,0.0,3.0297604,0.5262939,0.0,3.0297604,0.5262939,0.0,3.0297604,0.5262939,0.0,3.0297604,0.5262939,0.0
163,X,163,3.5643234,1.9278083,0.0,3.5643234,1.9278083,0.0,3.5643234,1.9278083,0.0,3.5643234,1.9278083,0.0,3.5643234,1.9278083,0.0
164,X,164,3.2158475,3.2641187,0.0,3.2158475,3.2641187,0.0,3.2158475,3.2641187,0.0,3.2158475,3.2641187,0.0,3.2158475,3.2641187,0.0
165,X,165,2.0649433,4.2261057,0.0,2.0649433,4.2261057,0.0,2.0649433,4.2261057,0.0,2.0649433,4.2261057,0.0,2.0649433,4.2261057,0.0
166,X,166,0.6959847,4.3313723,0.0,0.6959847,4.3313723,0.0,0.6959847,4.3313723,0.0,0.6959847,4.3313723,0.0,0.6959847,4.3313723,0.0
167,X,167,-0.48570848,3.6186302,0.0,-0.48570848,3.6186302,0.0,-0.48570848,3.6186302,0.0,-0.48570848,3.6186302,0.0,-0.48570848,3.6186302,0.0
168,X,168,-1.0816715,2.2421026,0.0,-1.0816715,2.2421026,0.0,-1.0816715,2.2421026,0.0,-1.0816715,2.2421026,0.0,-1.0816715,2.2421026,0.0
169,X,169,-0.7821102,0.8428086,0.0,-0.7821102,0.8428086,0.0,-0.7821102,0.8428086,0.0,-0.7821102,0.8428086,0.0,-0.7821102,0.8428086,0.0
170,X,170,0.20484328,-0.059129238,0.0,0.20484328,-0.059129238,0.0,0.20484328,-0.059129238,0.0,0.20484328,-0.059129238,0.0,0.20484328,-0.059129238,0.0
